id,category
0,0.6007898185115458
1,0.9202120049274085
2,0.884414448712793
3,0.8621646418002744
4,0.9295110027117455
5,0.9084404473570227
6,0.6317529792794192
7,0.8657972650702681
8,0.8137173343533313
9,0.934323021874165
10,0.8887665684655623
11,0.8863510454994692
12,0.7650035293749655
13,0.9201468256862805
14,0.4687708341099657
15,0.9350476126106362
16,0.9332232386647064
17,0.8730548894239256
18,0.8407091055503482
19,0.9164885605613255
