id,category
0,0.6405844820362228
1,0.9144570714883747
2,0.8687815358051139
3,0.7724268193855227
4,0.8852738836895075
5,0.9125245683408092
6,0.6679807569535224
7,0.8632366238917883
8,0.7324260646686913
9,0.9321895791239075
10,0.8243621426995122
11,0.843834972742114
12,0.8472632070774992
13,0.8702772004759602
14,0.4239517725972459
15,0.9129730879813674
16,0.9245925252903158
17,0.8241477370999308
18,0.7668312872082214
19,0.8668831639207886
